No_;FST;CMDE;CMDE_LIGNE;REFERENCE;DESIGNATION;TOT_CMDE;Qte_restante;Date_liv;MNT_HT;MNT_TOTAL_HT;MNT_DU
FA2T;A2T;OA1701681;10000;644823-01RD01#;TRAITEMENT THERMIQUE 2;10;10;08/09/2017 00:00;6,5;65;65
FA2T;A2T;OA1701681;20000;644823-01RD01#;CEMENTATION;10;10;31/08/2017 00:00;15;150;150
FA2T;A2T;OA1701857;10000;2010513-03R05;TRAITEMENT THERMIQUE;1;1;24/07/2017 00:00;105;105;105
FA2T;A2T;OA1701857;20000;2010898-03R06;TRAITEMENT THERMIQUE;1;1;02/08/2017 00:00;195;195;195
FA2T;A2T;OA1701857;30000;2010568-01R03B;TRAITEMENT THERMIQUE;1;1;02/08/2017 00:00;130;130;130
FA2T;A2T;OA1701857;40000;2010568-02R02B;TRAITEMENT THERMIQUE;1;1;02/08/2017 00:00;130;130;130
FA2T;A2T;OA1701857;50000;2010898-03R06;TRAITEMENT THERMIQUE;1;1;03/08/2017 00:00;195;195;195
FA2T;A2T;OA1701857;60000;2010898-03R06;TRAITEMENT THERMIQUE;1;1;03/08/2017 00:00;195;195;195
FA2T;A2T;OA1701914;10000;644839-01RB01#;TRAITEMENT THERMIQUE;12;1;26/07/2017 00:00;8,75;105;8,75
FA2T;A2T;OA1701914;20000;644845-01R01#;TRAITEMENT THERMIQUE;12;12;26/07/2017 00:00;8,75;105;105
FAIMAT;AI MATERIALS LTD;OA1702158;10000;EB-PLUG-2147181-01;EB-PLUG F/4-1;5;5;09/08/2017 00:00;57,54;287,7;287,7
FAIMAT;AI MATERIALS LTD;OA1702195;10000;17-4 PH AISI 630;EB ARBRE MOTEUR AUMA / 24864R0;2;2;11/08/2017 00:00;158,3;316,6;316,6
FAQUASIGN;AQUASIGN LIMITED;OA1702224;10000;FOURN-00885;ADHESIVE, NON-FLAMMABLE, WATER THIN,;2;2;05/09/2017 00:00;41,84;83,68;83,68
FBECKC;BECK CRESPEL;OA1701944;10000;FOURN-00854;SCREW 12PT 1-1/2-8UN X 5.25 L7 XY BSL3;192;192;18/10/2017 00:00;65,23;12524,16;12524,16
FBECKC;BECK CRESPEL;OA1701340;10000;FOURN-00024;"SCREW 12 PT CAP 1.75-8 X 16.5"" STL  A193 B7 YL PL";160;160;04/09/2017 00:00;35,14;5622,4;5622,4
FBECKC;BECK CRESPEL;OA1701340;20000;FOURN-00024;"SCREW 12 PT CAP 1.75-8 X 16.5"" STL  A193 B7 YL PL";140;140;04/09/2017 00:00;35,14;4919,6;4919,6
FBECKC;BECK CRESPEL;OA1701321;10000;FOURN-00166;SCREW 12PT CAP 1.25-8UN X 2.500 ASTM A193 GR B7 ZN;48;48;31/07/2017 00:00;15,57;747,36;747,36
FBIMET;BI METAL SERVICE;OA1701539;10000;CONSO-14835;EV_E711;1;1;14/06/2017 00:00;360;360;360
FBIMET;BI METAL SERVICE;OA1701539;20000;CONSO-14835;EV_E5;1;1;14/06/2017 00:00;56;56;56
FBIMET;BI METAL SERVICE;OA1701539;30000;CONSO-14835;EV_M1173;1;1;14/06/2017 00:00;8;8;8
FBODYC;BODYCOTE France - FBI;OA1701621;10000;P495858RAM#;NITRURATION;3;3;27/06/2017 00:00;348,14;1044,42;1044,42
FBODYC;BODYCOTE France - FBI;OA1701621;20000;P495858RAM#;NITRURATION;1;1;27/06/2017 00:00;348,14;348,14;348,14
FBODYC;BODYCOTE France - FBI;OA1702017;10000;R100544239RAH#;NITRURATION;1;1;21/07/2017 00:00;348,14;348,14;348,14
FBODYC;BODYCOTE France - FBI;OA1702017;20000;R100544239RAH#;NITRURATION;1;1;21/07/2017 00:00;348,14;348,14;348,14
FBODYC;BODYCOTE France - FBI;OA1701730;10000;100544239RAH#;NITRURATION;8;1;10/07/2017 00:00;348,14;2785,12;348,14
FBODYC;BODYCOTE France - FBI;OA1702232;10000;RP495858RAM#;NITRURATION;1;1;30/08/2017 00:00;348,14;348,14;348,14
FBODYC;BODYCOTE France - FBI;OA1702232;20000;RP495858RAM#;NITRURATION;1;1;30/08/2017 00:00;348,14;348,14;348,14
FCARCA;CARCASSONNE USINAGE;OA1701991;10000;2163970-01RA01#;USINAGE SEUL;10;10;08/09/2017 00:00;53,7;537;537
FCARCA;CARCASSONNE USINAGE;OA1701951;10000;644845-01R01#;USINAGE SEUL;12;12;29/08/2017 00:00;81,2;974,4;974,4
FCARCA;CARCASSONNE USINAGE;OA1701952;10000;644839-01RB01#;USINAGE SEUL;12;12;29/08/2017 00:00;28,9;346,8;346,8
FCARCA;CARCASSONNE USINAGE;OA1701694;10000;644838-01RB01#;USINAGE SEUL;10;10;21/08/2017 00:00;59,8;598;598
FCARCA;CARCASSONNE USINAGE;OA1702102;10000;644089-05R02;USINAGE SEUL;9;9;11/08/2017 00:00;44,6;401,4;401,4
FCARCA;CARCASSONNE USINAGE;OA1702207;10000;041629-01R02#;USINAGE SEUL;49;49;09/10/2017 00:00;56,4;2763,6;2763,6
FCARCA;CARCASSONNE USINAGE;OA1702230;10000;657045-03R01#;USINAGE SEUL 2;1;1;08/09/2017 00:00;187,7;187,7;187,7
FCARPF;CARPENTER TECHNOLOGY(EUROP);OA1701815;10000;MAT60502;EB STABILIZER / SH620512 REV AY;10;10;11/09/2017 00:00;1841,56;18415,6;18415,6
FCHROB;CHROMOBRONZE;OA1701574;10000;030324-04-01R01#;REVETEMENT CHROMAGE;4;4;17/07/2017 00:00;68,15;272,6;272,6
FCHROB;CHROMOBRONZE;OA1701574;20000;2254942-02R05#;CHROME/RECTIFICATION;6;6;26/07/2017 00:00;480,03;2880,18;2880,18
FCHROM;CHROMENIC;OA1701523;10000;PRESTATION ACHAT;PRESTATION ACHAT;27;27;19/06/2017 00:00;4,4;118,8;118,8
FCHROM;CHROMENIC;OA1701920;30000;2012348-01R03#;ZINGUAGE BICHROMATAGE;8;8;24/07/2017 00:00;12;96;96
FCIC;CIC CHROMAGE INDUSTRIEL DU CENTRE;OA1701729;10000;2012349-01R04#;NICKELAGE;3;3;21/07/2017 00:00;0;0;0
FCIC;CIC CHROMAGE INDUSTRIEL DU CENTRE;OA1701499;10000;2012349-03R03#;NICKELAGE;4;4;08/06/2017 00:00;0;0;0
FCIR;CIR;OA1701633;10000;FOURN-00023;"SCREW 12 PT CAP 1.5-8 X 3"" STL  A193 GR B7 YL PL";50;50;13/11/2017 00:00;14;700;700
FCIR;CIR;OA1701633;30000;FOURN-00432;O-RING SIZE AS 568-212 0.859 ID X 0.139 W 90;50;50;04/09/2017 00:00;0,48;24;24
FCIR;CIR;OA1701671;10000;FOURN-00035;PLUG PIPE THD HEX SOC 1/2 SST 18-8 / SS 103;10;10;18/09/2017 00:00;4,61;46,1;46,1
FCIR;CIR;OA1701528;10000;FOURN-00001;GLAND TUBING 3/8 AE HIGH PRESSURE 60000PSI, 316SST;30;30;09/10/2017 00:00;17,94;538,2;538,2
FCIR;CIR;OA1701528;20000;FOURN-00002;BLIND PLUG 3/8OD TBG SST 316AE HIGH PRESS 60000PSI;40;40;11/09/2017 00:00;14,94;597,6;597,6
FCIR;CIR;OA1701528;30000;FOURN-00002;BLIND PLUG 3/8OD TBG SST 316AE HIGH PRESS 60000PSI;10;10;13/11/2017 00:00;14,94;149,4;149,4
FCIR;CIR;OA1701528;40000;FOURN-00023;"SCREW 12 PT CAP 1.5-8 X 3"" STL  A193 GR B7 YL PL";130;130;09/10/2017 00:00;14;1820;1820
FCIR;CIR;OA1701528;50000;FOURN-00025;O-RING AS-568-337 2.975 ID X .21 W 90D /MS-1078NIT;20;20;13/11/2017 00:00;0,58;11,6;11,6
FCIR;CIR;OA1701528;60000;FOURN-00026;O-RING AS-568-381 11.975 ID X .21 W70D/MS-1082NIT;20;20;09/10/2017 00:00;2,15;43;43
FCIR;CIR;OA1701529;10000;FOURN-00248;O RING SIZE AS-568-232  2.734 ID X .139 W 90D;10;10;13/11/2017 00:00;0,33;3,3;3,3
FCIR;CIR;OA1701529;20000;FOURN-00254;FOUR LOBES RING OD 124.33 X ID 113.67 X WT 5.33 NI;12;12;13/11/2017 00:00;4,23;50,76;50,76
FCIR;CIR;OA1701529;40000;FOURN-00535;O-RING SIZE AS-568-218  1.234 ID X .139 W 90 SHORE;10;10;13/11/2017 00:00;0,2;2;2
FCIR;CIR;OA1701529;50000;FOURN-00258;"PIPE PLUG HEX HD 1"" NPT ZN PL";10;10;16/10/2017 00:00;4,42;44,2;44,2
FCIR;CIR;OA1701341;10000;FOURN-00249;BACK UP RING 2.756 ID X 2.992 OD NITRILE PARBAK 8;100;100;23/10/2017 00:00;0,98;98;98
FCIR;CIR;OA1701341;30000;FOURN-00245;BACK UP RING SIZE 325 1.513 ID X 1.879 OD NITRILE;200;200;06/10/2017 00:00;0,47;94;94
FCIR;CIR;OA1701229;30000;FOURN-00011;ELBOW, 90 DEG MALE 1/2 NPTF X;69;69;01/09/2017 00:00;77,08;5318,52;5318,52
FCIR;CIR;OA1701271;10000;FOURN-00248;O RING SIZE AS-568-232  2.734 ID X .139 W 90D;20;20;06/11/2017 00:00;0,34;6,8;6,8
FCIR;CIR;OA1701271;20000;FOURN-00535;O-RING SIZE AS-568-218  1.234 ID X .139 W 90 SHORE;41;41;06/11/2017 00:00;0,21;8,61;8,61
FCIR;CIR;OA1701271;30000;FOURN-00254;FOUR LOBES RING OD 124.33 X ID 113.67 X WT 5.33 NI;76;76;06/11/2017 00:00;4,39;333,64;333,64
FCIR;CIR;OA1701271;50000;FOURN-00244;O-RING SIZE AS-568-325  1.475 ID X .210 W 90 SHORE;60;60;06/11/2017 00:00;0,26;15,6;15,6
FCIR;CIR;OA1700761;30000;FOURN-00015;CROSS PIPE-THREADED 1-IN 3000 PSI SST 316 B16.11;3;3;05/09/2017 00:00;318,95;956,85;956,85
FCIR;CIR;OA1700761;60000;FOURN-00017;"CONNECTOR TBG M 1"" NPTFX3/4"" TBG JIC NIPPLE ST/STL";6;6;05/09/2017 00:00;74,84;449,04;449,04
FCIR;CIR;OA1700763;60000;FOURN-00008;NUT, TUBING 3/4 TBG SST TRIPLE-LOK;12;12;05/09/2017 00:00;14,53;174,36;174,36
FCIR;CIR;OA1702029;10000;FOURN-00258;"PIPE PLUG HEX HD 1"" NPT ZN PL";50;50;18/09/2017 00:00;4,59;229,5;229,5
FCIR;CIR;OA1701973;10000;CONSO-14815;Y-PK-4;20;20;17/07/2017 00:00;1,65;33;33
FCIR;CIR;OA1701876;10000;FOURN-00001;GLAND TUBING 3/8 AE HIGH PRESSURE 60000PSI, 316SST;20;20;07/09/2017 00:00;17,94;358,8;358,8
FCIR;CIR;OA1701876;20000;FOURN-00008;NUT, TUBING 3/4 TBG SST TRIPLE-LOK;26;26;07/09/2017 00:00;14,53;377,78;377,78
FCIR;CIR;OA1701876;40000;FOURN-00011;ELBOW, 90 DEG MALE 1/2 NPTF X;56;56;07/09/2017 00:00;77,08;4316,48;4316,48
FCIR;CIR;OA1701877;10000;FOURN-00023;"SCREW 12 PT CAP 1.5-8 X 3"" STL  A193 GR B7 YL PL";150;150;13/11/2017 00:00;14;2100;2100
FCIR;CIR;OA1701878;10000;FOURN-00261;O-RING SIZE  2.475 ID * .210 W 90D FLUOROELASTOMER;10;10;03/10/2017 00:00;0,74;7,4;7,4
FCIR;CIR;OA1701831;10000;FOURN-00016;NIPPLE PIPE-HEX SHORT 1 NPTFX2.34 SST 316 3000PSI;1;1;11/09/2017 00:00;39,39;39,39;39,39
FCIR;CIR;OA1701831;20000;FOURN-00008;NUT, TUBING 3/4 TBG SST TRIPLE-LOK;50;50;11/09/2017 00:00;14,53;726,5;726,5
FCIR;CIR;OA1701831;30000;FOURN-00009;FERRULE, TBG 3/4 TRIPLE-LOK;76;76;11/09/2017 00:00;6,72;510,72;510,72
FCIR;CIR;OA1701832;10000;FOURN-00640;TUBING HYD 0.75 X 0.095 SST 316 - LONG 1.4FT;70;70;04/09/2017 00:00;13,58;950,6;950,6
FCIR;CIR;OA1701781;10000;FOURN-00028;SEAL RING 3.00 ID X 3.75 OD X .375 POLYPAK TYPE B;46;46;16/10/2017 00:00;4,37;201,02;201,02
FCIR;CIR;OA1702223;10000;FOURN-00899;PIN PARALLEL DIA 8MM LG 32 MM ISO 8734 STL TYPE A;2;2;22/09/2017 00:00;50;100;100
FCIR;CIR;OA1702123;10000;FOURN-00152;ASSY HOSE FLAME RESISTANT U.S. MSHA 2G  0.50 ID X;1;1;27/11/2017 00:00;337,48;337,48;337,48
FCIR;CIR;OA1702123;20000;FOURN-00017;"CONNECTOR TBG M 1"" NPTFX3/4"" TBG JIC NIPPLE ST/STL";2;2;27/11/2017 00:00;74,84;149,68;149,68
FCIR;CIR;OA1702123;40000;FOURN-00397;"O-RING SIZE AS-568-322  1.225""ID X .210""W MS-1078";10;10;27/11/2017 00:00;0,61;6,1;6,1
FCIR;CIR;OA1702123;50000;FOURN-00542;O RING, SIZE AS-568-431 5.225 ID X.275 W 90D /MS-1;1;1;27/11/2017 00:00;1,76;1,76;1,76
FCIR;CIR;OA1702126;10000;FOURN-00045;O-RING SIZE AS-568-220 1.359IDX.139W90SHOREMS-1078;10;10;04/10/2017 00:00;0,19;1,9;1,9
FCIR;CIR;OA1702126;20000;FOURN-00048;O-RING SIZE AS568-221 1.421IDX.139W90SHOREMS-1078;10;10;04/10/2017 00:00;0,14;1,4;1,4
FCIR;CIR;OA1702126;30000;FOURN-00054;O-RING, SIZE AS-568-331 2.225;20;20;04/10/2017 00:00;0,38;7,6;7,6
FCIR;CIR;OA1702126;40000;FOURN-00061;O-RING AS-568-335 2.725 IDX.210W90 SH NITR MS-1078;10;10;04/10/2017 00:00;1,07;10,7;10,7
FCIR;CIR;OA1702126;50000;FOURN-00538;O RING, SIZE AS-568-433 5.475 ID X .275 W 90D;5;5;04/10/2017 00:00;2,85;14,25;14,25
FCIR;CIR;OA1702084;10000;FOURN-00893;FITTING, GREASE-STRAIGHT 1/2 NPT;1;1;18/09/2017 00:00;389,15;389,15;389,15
FDALPR;MDV (DALPRO);OA1702010;10000;2404038-35R01#;USINAGE SEUL;2;2;22/08/2017 00:00;360;720;720
FDALPR;MDV (DALPRO);OA1702010;20000;237249-03R02#;USINAGE SEUL;2;2;28/08/2017 00:00;790;1580;1580
FDALPR;MDV (DALPRO);OA1702030;10000;2010885-01R02#;USINAGE SEUL;6;6;30/08/2017 00:00;285;1710;1710
FDALPR;MDV (DALPRO);OA1702030;20000;2010885-01R02#;USINAGE SEUL;10;10;06/09/2017 00:00;285;2850;2850
FDALPR;MDV (DALPRO);OA1701999;10000;2246508-54-01R03#;USINAGE SEUL;4;4;06/09/2017 00:00;610;2440;2440
FDALPR;MDV (DALPRO);OA1701953;10000;2246509-35-01R01#;USINAGE SEUL;4;4;05/09/2017 00:00;920;3680;3680
FDALPR;MDV (DALPRO);OA1701868;10000;2162414-08-03R02#;USINAGE SEUL;10;10;08/09/2017 00:00;450;4500;4500
FDALPR;MDV (DALPRO);OA1701869;10000;611789-01RH02#;USINAGE SEUL;5;5;25/08/2017 00:00;85;425;425
FDALPR;MDV (DALPRO);OA1701869;20000;2246509-74-03R03#;USINAGE SEUL;8;8;08/09/2017 00:00;30;240;240
FDALPR;MDV (DALPRO);OA1701869;30000;2246511-74-01R03#;USINAGE SEUL;4;4;04/09/2017 00:00;320;1280;1280
FDALPR;MDV (DALPRO);OA1701682;10000;644823-01RD01#;USINAGE SEUL 2;10;10;23/08/2017 00:00;50;500;500
FDALPR;MDV (DALPRO);OA1701682;20000;644823-01RD01#;USINAGE SEUL 3;10;10;08/09/2017 00:00;50;500;500
FDALPR;MDV (DALPRO);OA1701682;30000;644823-01RD01#;USINAGE SEUL;10;10;21/07/2017 00:00;50;500;500
FDALPR;MDV (DALPRO);OA1701748;20000;2246509-74-03R04#;USINAGE SEUL;8;8;18/08/2017 00:00;30;240;240
FDALPR;MDV (DALPRO);OA1701637;10000;2010882-03R05#;USINAGE SEUL;12;12;04/09/2017 00:00;425;5100;5100
FDALPR;MDV (DALPRO);OA1702109;10000;2010884-01R06#;USINAGE SEUL;2;2;01/09/2017 00:00;135;270;270
FDALPR;MDV (DALPRO);OA1702109;20000;2010884-01R06#;USINAGE SEUL;12;12;01/09/2017 00:00;135;1620;1620
FDALPR;MDV (DALPRO);OA1702110;10000;2162439-08-03R02#;USINAGE SEUL;9;9;13/09/2017 00:00;320;2880;2880
FDALPR;MDV (DALPRO);OA1702110;20000;2010882-03R05#;USINAGE SEUL;2;2;11/09/2017 00:00;425;850;850
FDALPR;MDV (DALPRO);OA1702110;30000;2010882-03R05#;USINAGE SEUL;6;6;11/09/2017 00:00;425;2550;2550
FDALPR;MDV (DALPRO);OA1702239;10000;2150826-32-07R01#;USINAGE SEUL;2;2;31/08/2017 00:00;1520;3040;3040
FDALPR;MDV (DALPRO);OA1702219;10000;2246509-35-02R01#;USINAGE SEUL;4;4;15/10/2017 00:00;345;1380;1380
FDELSC;DELTAMETAL SCREW;OA1701320;10000;FOURN-00167;"SCREW 12 PT CAP 1.500-8 X 15.5"" ASTM A193 GR B7 ZN";36;36;08/08/2017 00:00;25,5;918;918
FDELSC;DELTAMETAL SCREW;OA1701319;10000;FOURN-00199;SCREW, 12 PT CAP 1.750-8UN X 20.500 ASTM;20;20;08/08/2017 00:00;65;1300;1300
FDELSC;DELTAMETAL SCREW;OA1701879;10000;FOURN-00141;"SCREW 12PT CAP1.5-8X19.125"" STL A193 GRB7 ZN PL Y";10;10;30/10/2017 00:00;138;1380;1380
FDELSC;DELTAMETAL SCREW;OA1701927;10000;FOURN-00167;"SCREW 12 PT CAP 1.500-8 X 15.5"" ASTM A193 GR B7 ZN";100;100;30/09/2017 00:00;25,5;2550;2550
FDEVIL;DEVILLE RECTIFICATION;OA1702170;10000;CONSO-14817;PLAQUE OUTILLAGE 700X580 EP 50;4;4;21/08/2017 00:00;391,5;1566;1566
FDNV;DNV- Det Norske Veritas France;OA1702220;10000;2245160-01-02R05;INSPECTION CERTIFIEE;5;5;31/08/2017 00:00;118,4;592;592
FDNV;DNV- Det Norske Veritas France;OA1702220;20000;2245160-01-02R05;INSPECTION CERTIFIEE;5;5;31/08/2017 00:00;118,4;592;592
FDNV;DNV- Det Norske Veritas France;OA1702220;30000;2245160-01-02R05;INSPECTION CERTIFIEE;10;10;31/08/2017 00:00;59,2;592;592
FDNV;DNV- Det Norske Veritas France;OA1702220;40000;2245160-01-02R05;INSPECTION CERTIFIEE;6;6;31/08/2017 00:00;98,67;592,02;592,02
FDNV;DNV- Det Norske Veritas France;OA1702070;50000;2245160-01-02R05;INSPECTION CERTIFIEE;10;10;28/07/2017 00:00;59,2;592;592
FDNV;DNV- Det Norske Veritas France;OA1702238;10000;2245199-03-04R04;INSPECTION CERTIFIEE;10;10;31/08/2017 00:00;59,2;592;592
FDNV;DNV- Det Norske Veritas France;OA1702238;20000;2245160-01-02R05;INSPECTION CERTIFIEE;6;6;31/08/2017 00:00;98,67;592,02;592,02
FDNV;DNV- Det Norske Veritas France;OA1702238;30000;2245160-01-02R05;INSPECTION CERTIFIEE;4;4;31/08/2017 00:00;148;592;592
FDNV;DNV- Det Norske Veritas France;OA1702238;40000;2113510-04R01;INSPECTION CERTIFIEE;10;10;31/08/2017 00:00;59,2;592;592
FDNV;DNV- Det Norske Veritas France;OA1702238;50000;2113510-04R01;INSPECTION CERTIFIEE;8;8;31/08/2017 00:00;74;592;592
FECCI;ECCI LABORATOIRE;OA1701685;10000;CONSO-14819;HVOF 1;1;1;;995;995;995
FECCI;ECCI LABORATOIRE;OA1701655;10000;CONSO-14819;QUALIFICATION OPERATEUR ASME IX;2;2;04/07/2017 00:00;351;702;702
FECCI;ECCI LABORATOIRE;OA1701494;40000;CONSO-14819;1 EPROUVETTE HVOF 03;1;1;15/06/2017 00:00;720;720;720
FEMCOA;EM COATING (curtiss-wright);OA1702157;10000;330550-16R01#;REVETEMENT;10;10;10/08/2017 00:00;127,45;1274,5;1274,5
FFORGR;FORGIA RAPIDA;OA1701797;10000;EBF-TB13-2010880-07;EBF-TB13-TAIL ROD AISI 4140;10;10;12/09/2017 00:00;315;3150;3150
FFORGR;FORGIA RAPIDA;OA1702136;10000;MAT61707;EB SEMI FINISHED FLANGE/MS-012501-02-01 REV A03;2;2;06/10/2017 00:00;1935;3870;3870
FFORGR;FORGIA RAPIDA;OA1702046;10000;MAT61024;EBF-TB13-CYLINDRE HEAD/MS-011269-03R02;2;2;07/11/2017 00:00;750;1500;1500
FFORJA;FORJA NEPTUN S.R.L.;OA1702093;10000;MS-011269-03;"EB-CYLINDER HEAD TANDEM 18-3/4""-5M ""TL"" BOP";2;2;11/08/2017 00:00;3242;6484;6484
FFORJA;FORJA NEPTUN S.R.L.;OA1702171;10000;MAT61701;EB HEAD LOCK SIDE WEDGELOCK / MS-011269-03 REV 03;2;2;09/10/2017 00:00;164,3;328,6;328,6
FFORJA;FORJA NEPTUN S.R.L.;OA1702171;20000;MAT61704;EB HEAD UNLOCK SIDE WEDGELOCK/ MS-011269-03 REV 03;2;2;09/10/2017 00:00;148,4;296,8;296,8
FFORJA;FORJA NEPTUN S.R.L.;OA1702194;10000;EB-TB13-2404038-25;EB-TB13-CYLINDER/MS-011269-06R01;10;10;01/09/2017 00:00;407,57;4075,7;4075,7
FFORJA;FORJA NEPTUN S.R.L.;OA1702216;10000;MAT61942;EBAUCHE FORGEE BONNET HYDRO 2245524-15-24;4;4;31/08/2017 00:00;527,56;2110,24;2110,24
FFORJA;FORJA NEPTUN S.R.L.;OA1701791;20000;EB-TB13-2245979-01;EB-TB13-ADAPTER BOOSTER/MS-011269-03R03;8;8;21/08/2017 00:00;219,4;1755,2;1755,2
FFORJA;FORJA NEPTUN S.R.L.;OA1701792;10000;EB-TB13-2010884-01;EB-TB13-CYLINDER/MS-011269-03R03;12;12;25/08/2017 00:00;414,2;4970,4;4970,4
FFORJA;FORJA NEPTUN S.R.L.;OA1701793;10000;EB-TB13-2010884-01;EB-TB13-CYLINDER/MS-011269-03R03;14;14;04/10/2017 00:00;414,2;5798,8;5798,8
FFORJA;FORJA NEPTUN S.R.L.;OA1701796;10000;EB-TB13-2010882-03;EB-TB13-CYLINDER HEAD/MS-011269-03R03;6;6;04/09/2017 00:00;441,91;2651,46;2651,46
FFORJA;FORJA NEPTUN S.R.L.;OA1702022;10000;236501-35-22-10;EBAUCHE FORGEE OPERATING PISTON 13-15K;7;7;11/08/2017 00:00;1370;9590;9590
FFORJA;FORJA NEPTUN S.R.L.;OA1702022;20000;236501-35-22-10;EBAUCHE FORGEE OPERATING PISTON 13-15K;6;6;11/08/2017 00:00;1370;8220;8220
FFORJA;FORJA NEPTUN S.R.L.;OA1702022;30000;236501-35-22-10;EBAUCHE FORGEE OPERATING PISTON 13-15K;6;6;28/08/2017 00:00;1370;8220;8220
FFORJA;FORJA NEPTUN S.R.L.;OA1701938;10000;EB-615484-01;"EB-WEAR PLATE D BOP 18-3/4"" 10M";2;2;03/08/2017 00:00;474,88;949,76;949,76
FFORJA;FORJA NEPTUN S.R.L.;OA1701886;10000;236501-82-12-10;EBAUCHE FORGEE OPERATING PISTON 26'';12;12;31/08/2017 00:00;690;8280;8280
FFORJA;FORJA NEPTUN S.R.L.;OA1701897;10000;EB-ACT-140170-24-01;EB-ACT-RING GASKET;2;2;03/08/2017 00:00;185,92;371,84;371,84
FFORJA;FORJA NEPTUN S.R.L.;OA1701897;20000;EBF-ACT-2149832-01;EBF-ACT-LOWER ADAPTER RING;2;2;03/08/2017 00:00;533,02;1066,04;1066,04
FFORJA;FORJA NEPTUN S.R.L.;OA1701580;10000;236501-82-12-10;EBAUCHE FORGEE OPERATING PISTON 26'';12;12;25/08/2017 00:00;690;8280;8280
FGALVA;GALVADOC;OA1701925;10000;2162414-08-03R02#;REVETEMENT CHROMAGE;10;10;24/07/2017 00:00;42,96;429,6;429,6
FGALVA;GALVADOC;OA1701925;20000;2162414-08-03R02#;REVETEMENT CHROMAGE;10;10;24/07/2017 00:00;42,96;429,6;429,6
FGALVA;GALVADOC;OA1701861;10000;2245528-05-12R03#;NICKELAGE;3;3;24/07/2017 00:00;30;90;90
FGALVA;GALVADOC;OA1701861;20000;2245528-02-12R03#;NICKELAGE;4;4;24/07/2017 00:00;30;120;120
FGALVA;GALVADOC;OA1701861;30000;2245528-02-13R02#;NICKELAGE;4;4;24/07/2017 00:00;30;120;120
FGALVA;GALVADOC;OA1701862;10000;2245535-01-10R03#;NICKELAGE;5;5;;34;170;170
FGALVA;GALVADOC;OA1701862;20000;2245535-01-10R03#;REVETEMENT XYLAN;5;5;;34;170;170
FGALVA;GALVADOC;OA1700302;10000;2245528-10-13R02#;NICKELAGE;10;2;26/06/2017 00:00;25,19;251,9;50,38
FGALVA;GALVADOC;OA1702209;10000;140360-01-70-03R02;NICKELAGE;2;2;18/08/2017 00:00;11,5;23;23
FGALVA;GALVADOC;OA1702072;10000;615477-09RA01;REVETEMENT EVERSLIK;2;2;03/08/2017 00:00;125;250;250
FGID;GRAVURE INDUSTRIELLE GID;OA1701632;10000;FOURN-00256;NAMEPLATE FOR ACTUATOR WITH BONNET API 6A & ISO;50;50;06/11/2017 00:00;3,82;191;191
FGID;GRAVURE INDUSTRIELLE GID;OA1701794;10000;FOURN-00851;NAMEPLATE FOR ACTUATORS, API 6A-SSV;1;1;28/07/2017 00:00;59,23;59,23;59,23
FGID;GRAVURE INDUSTRIELLE GID;OA1701794;20000;FOURN-00852;NAME TAG, FOR BONNET AND ACTUATOR;1;1;28/07/2017 00:00;59,23;59,23;59,23
FGID;GRAVURE INDUSTRIELLE GID;OA1701794;30000;FOURN-00853;CAUTION TAG, F/ LOCK OPEN CAPS;1;1;28/07/2017 00:00;125,42;125,42;125,42
FGULF;PARKER HANNIFIN GULF COAST;OA1701824;60000;FOURN-00862;WEAR RING, 3.25 DIAMETER STEMS, PEEK;4;4;04/09/2017 00:00;29,84;119,36;119,36
FGULF;PARKER HANNIFIN GULF COAST;OA1701824;80000;FOURN-00864;BACK-UP RING, STEM SEAL, (.375 C.S.) 3.25 ID X 4.0;4;4;04/09/2017 00:00;41,06;164,24;164,24
FGULF;PARKER HANNIFIN GULF COAST;OA1701780;10000;FOURN-00243;ROD OIL SEAL 1.5ID X 2.004OD X 0.25 W HM14 NITRILE;45;45;06/11/2017 00:00;6,12;275,4;275,4
FGULF;PARKER HANNIFIN GULF COAST;OA1701780;20000;FOURN-00333;SEAL RING 2.500 ID X 3.000 OD X .375 POLYPAK DEEP;5;5;02/10/2017 00:00;6,49;32,45;32,45
FGULF;PARKER HANNIFIN GULF COAST;OA1701780;30000;FOURN-00375;SEAL RING 3.750 OD X .375 THK;30;30;11/09/2017 00:00;40,81;1224,3;1224,3
FGULF;PARKER HANNIFIN GULF COAST;OA1701365;10000;FOURN-00251;BACK UP STEM SEAL(.375 C.S) 1.25 ID X 2.00 OD;40;40;09/10/2017 00:00;12,27;490,8;490,8
FHALLITEITALIA;HALLITE ITALIA SRL;OA1702124;10000;FOURN-00089;WEAR RING 2.745X0.125X0.500;20;20;26/10/2017 00:00;7,8;156;156
FHALLITEITALIA;HALLITE ITALIA SRL;OA1702124;20000;FOURN-00090;WEAR RING 1.745X0.125X0.375;20;20;03/10/2017 00:00;6,55;131;131
FHALLITEITALIA;HALLITE ITALIA SRL;OA1701210;10000;FOURN-00089;WEAR RING 2.745X0.125X0.500;50;50;08/09/2017 00:00;7,8;390;390
FHALLITEITALIA;HALLITE ITALIA SRL;OA1701210;20000;FOURN-00090;WEAR RING 1.745X0.125X0.375;50;50;08/09/2017 00:00;6,55;327,5;327,5
FHALLITEITALIA;HALLITE ITALIA SRL;OA1701225;10000;FOURN-00172;WEAR RING, (ID) 2.850 OD X 2.600 ID X .495;10;10;07/09/2017 00:00;9,95;99,5;99,5
FHALLITEITALIA;HALLITE ITALIA SRL;OA1701631;10000;FOURN-00003;WEAR RING OP PISTON U BOP 10.984 X 10.734 X 1.000;5;5;14/09/2017 00:00;47,25;236,25;236,25
FHALLITEITALIA;HALLITE ITALIA SRL;OA1701631;20000;FOURN-00003;WEAR RING OP PISTON U BOP 10.984 X 10.734 X 1.000;10;10;24/11/2017 00:00;47,25;472,5;472,5
FHALLITEITALIA;HALLITE ITALIA SRL;OA1701631;30000;FOURN-00494;WEAR RING OD 5.495XTHK.125XLG.625;24;24;14/09/2017 00:00;16,5;396;396
FHALLITEITALIA;HALLITE ITALIA SRL;OA1701631;40000;FOURN-00425;WEAR RING 4.245X0.125X1.000;50;30;01/09/2017 00:00;13,4;670;402
FHALLITEITALIA;HALLITE ITALIA SRL;OA1701631;50000;FOURN-00496;WEAR RING 3.12X0.125X0.625;10;10;14/09/2017 00:00;8,9;89;89
FHALLITEITALIA;HALLITE ITALIA SRL;OA1700616;20000;FOURN-00302;SLS SEAL, (.375 C.S) 1.25 ID X 2.00 OD X .62LG,;57;57;06/11/2017 00:00;47,25;2693,25;2693,25
FHALLITEITALIA;HALLITE ITALIA SRL;OA1700769;20000;FOURN-00454;WEAR RING 3.495X0.125X0.625X0.062;190;190;06/09/2017 00:00;8,75;1662,5;1662,5
FHALLITEITALIA;HALLITE ITALIA SRL;OA1700769;30000;FOURN-00089;WEAR RING 2.745X0.125X0.500;60;60;06/09/2017 00:00;7,8;468;468
FHALLITEITALIA;HALLITE ITALIA SRL;OA1700769;40000;FOURN-00090;WEAR RING 1.745X0.125X0.375;60;60;06/09/2017 00:00;6,55;393;393
FHALLITEITALIA;HALLITE ITALIA SRL;OA1701880;10000;FOURN-00083;WEAR RING 4.295X0.125X1.25;10;10;09/10/2017 00:00;26;260;260
FHANSO;HANSON SPRINGS;OA1701753;10000;FOURN-00840;"SPRING COIL, OD 15.50"" ID 11.25"" HEIGHT 29.840""";1;1;28/08/2017 00:00;1691,44;1691,44;1691,44
FHANSO;HANSON SPRINGS;OA1701628;10000;FOURN-00374;"SPRING COMPRESSION-1/2"" OD";20;20;11/09/2017 00:00;12,31;246,2;246,2
FHYDBO;HYDROBOLT Ltd.;OA1701770;10000;FOURN-00338;"SCREW, HEX HEAD, 3/4""-10UNC-2A X 1.49"" LG. / MS-00";23;23;02/10/2017 00:00;260,88;6000,24;6000,24
FIMSFR;IMS FRANCE;OA1702163;10000;MS-003027-01;MS-003027-01 REV 01;6000;6000;13/09/2017 00:00;0,02;120;120
FIMSFR;IMS FRANCE;OA1702163;20000;HOP02;HOP-02/MS-003180-02R01;4;4;06/09/2017 00:00;58;232;232
FIMSFR;IMS FRANCE;OA1702163;30000;MS-011547-01;MS-011547-01 REV 01 + MS-003408-01 REV 05;3000;3000;06/09/2017 00:00;0,68;2040;2040
FIMSFR;IMS FRANCE;OA1702077;10000;EB-ACT-2150841-51-14;EB-ACT-HOUSING;2;2;30/08/2017 00:00;2165,4;4330,8;4330,8
FIMSFR;IMS FRANCE;OA1702064;10000;MS-011547-01;MS-011547-01 REV 01 + MS-003408-01 REV 05;12000;12000;31/08/2017 00:00;0,14;1680;1680
FIMSFR;IMS FRANCE;OA1702064;20000;MS-011547-01;MS-011547-01 REV 01 + MS-003408-01 REV 05;12000;12000;05/10/2017 00:00;0,14;1680;1680
FKGRULMENTI;KG RULMENTI IMPEX S.R.L.;OA1702192;10000;FOURN-00884;BEARING, CYLINDRICAL ROLLER THRUST,;2;2;01/09/2017 00:00;37;74;74
FLONE;LONESTAR FASTENERS EUROPE;OA1701762;20000;FOURN-00247;SCREW SOC HD CAP .500-13 X 2.750 CLASS 12.9 ANSI B;400;400;23/10/2017 00:00;0,8;320;320
FLONE;LONESTAR FASTENERS EUROPE;OA1701762;30000;FOURN-00247;SCREW SOC HD CAP .500-13 X 2.750 CLASS 12.9 ANSI B;500;500;06/11/2017 00:00;0,8;400;400
FLONE;LONESTAR FASTENERS EUROPE;OA1701881;10000;FOURN-00063;SCREW HEX HD CAP.625-11X5STL/A193GRB7/ANSI B18.2.1;35;35;11/09/2017 00:00;8,15;285,25;285,25
FLONE;LONESTAR FASTENERS EUROPE;OA1701881;20000;FOURN-00018;NUT, HVY HEX .500-13 STL ZN PL ANSI;100;100;11/09/2017 00:00;0,15;15;15
FLONE;LONESTAR FASTENERS EUROPE;OA1701883;10000;FOURN-00868;DRIVE SCREW, TYPE U, #4 X .250 LG, 302SS;5;5;07/08/2017 00:00;2,5;12,5;12,5
FLONE;LONESTAR FASTENERS EUROPE;OA1701883;20000;FOURN-00870;SCREW, HEX HD CAP .250-20 X .500;5;5;07/08/2017 00:00;7,81;39,05;39,05
FLONE;LONESTAR FASTENERS EUROPE;OA1701883;30000;FOURN-00875;SCREW, SQUARE HEAD SET, .500-13 X 1.000;16;16;07/08/2017 00:00;19,95;319,2;319,2
FLONE;LONESTAR FASTENERS EUROPE;OA1701883;40000;FOURN-00876;SCREW, HEX HD CAP, .750-10 X .500 LG,;2;2;07/08/2017 00:00;65,75;131,5;131,5
FLONE;LONESTAR FASTENERS EUROPE;OA1701883;50000;FOURN-00877;NUT, HVY HEX 1.000-8 STL ZN PL ANSI;3;3;07/08/2017 00:00;5;15;15
FLONE;LONESTAR FASTENERS EUROPE;OA1701883;60000;FOURN-00878;WASHER, 1.00 HEL SPR LOCK SST 18-8 REGULAR DUTY;2;2;07/08/2017 00:00;10;20;20
FLONE;LONESTAR FASTENERS EUROPE;OA1701883;70000;FOURN-00879;WASHER, 1.00 FLAT TYPE A SST 18-8;2;2;07/08/2017 00:00;10;20;20
FLONE;LONESTAR FASTENERS EUROPE;OA1701883;80000;FOURN-00880;WASHER, SPACER 5.000 X 3.281 X .063 THK 316SS;2;2;07/08/2017 00:00;110;220;220
FLONE;LONESTAR FASTENERS EUROPE;OA1702065;10000;FOURN-00021;STUD, CONT THD 1.000-8 X 2.250 STL /A193 GR B7;40;40;02/10/2017 00:00;7,33;293,2;293,2
FLONE;LONESTAR FASTENERS EUROPE;OA1702083;10000;FOURN-00889;"STUD, DBL ENDED 1.750-8UN-2A X 9.75"" LG A193/GR B7";14;14;04/09/2017 00:00;45,5;637;637
FLONE;LONESTAR FASTENERS EUROPE;OA1702083;20000;FOURN-00890;NUT, HVY HEX 1.750-8 STL ZN PL ANSI;16;16;04/09/2017 00:00;2,15;34,4;34,4
FLONE;LONESTAR FASTENERS EUROPE;OA1702083;30000;FOURN-00891;SCREW, HEX HD CAP, .750-10 X 1.00 LG,;1;1;04/09/2017 00:00;85;85;85
FLONE;LONESTAR FASTENERS EUROPE;OA1702083;40000;FOURN-00892;SCREW, HEX HD CAP .375-16 X 2.000;3;3;04/09/2017 00:00;9,95;29,85;29,85
FLONE;LONESTAR FASTENERS EUROPE;OA1702083;50000;FOURN-00887;NUT, HEX-MACH .375-16 SST 18-8 ANSI B18.6.3;4;4;04/09/2017 00:00;5,5;22;22
FLONE;LONESTAR FASTENERS EUROPE;OA1702083;60000;FOURN-00888;WASHER, .750 FLAT TYPE A SST 18-8;2;2;04/09/2017 00:00;80;160;160
FLONGVALE;LONGVALE Ltd;OA1701904;10000;FOURN-00895;SWITCH, LIMIT, PROXIMITY, GO SERIES 70;2;2;21/08/2017 00:00;495,23;990,46;990,46
FLONGVALE;LONGVALE Ltd;OA1701823;10000;FOURN-00867;SWITCH COVER BOX (11.GA .120 THICK) 304 OR 316 STA;1;1;07/08/2017 00:00;195,38;195,38;195,38
FLONGVALE;LONGVALE Ltd;OA1701823;20000;FOURN-00866;PLUG 20MM IS0 FLAME PROOF 316 SS.;1;1;07/08/2017 00:00;16,58;16,58;16,58
FLONGVALE;LONGVALE Ltd;OA1701802;10000;FOURN-00842;FIBRE SEAL FLAT WASHER, M20. PART NUMBER SWZ700004;4;4;07/08/2017 00:00;0,61;2,44;2,44
FLONGVALE;LONGVALE Ltd;OA1701802;20000;FOURN-00843;LOCKNUT, M20, 316 SS M20 CONDUIT GLAND;4;4;07/08/2017 00:00;2,59;10,36;10,36
FLONGVALE;LONGVALE Ltd;OA1701802;30000;FOURN-00844;"GLAND, BARRIER, STAINLESS, FOR USE WITH 1/2"" (20MM";2;2;07/08/2017 00:00;435,25;870,5;870,5
FLONGVALE;LONGVALE Ltd;OA1701802;40000;FOURN-00845;"CONDUIT GLAND 1/2"" NPT 316 SS. P/N XQAS-0404";2;2;07/08/2017 00:00;114,36;228,72;228,72
FLONGVALE;LONGVALE Ltd;OA1701802;50000;FOURN-00846;CONDUIT, FLEXIBLE, 20MM,MATERIAL-316 SS;3;3;07/08/2017 00:00;126,67;380,01;380,01
FLONGVALE;LONGVALE Ltd;OA1701802;60000;FOURN-00847;JUNCTION BOX, EEXE CERTIFIED. TERMINALS:6XSAK 2.5;1;1;07/08/2017 00:00;195;195;195
FMAHER;MAHER LIMITED;OA1702164;10000;MS-011559-07-01R16;INCONEL 718 RE 135KSI/MS-011559-07-01 REV 16;4;4;23/08/2017 00:00;320;1280;1280
FMAHER;MAHER LIMITED;OA1701929;10000;MS-003030-01;MS-003030-01 REV 04;14;14;11/09/2017 00:00;96;1344;1344
FMCA;MCA - MECANIC CENTRE AÉROPTIC;OA1702187;10000;FOURN-00387;"4"" MACHINED BARRIER SPRING B/M T28";46;46;04/09/2017 00:00;26;1196;1196
FMCA;MCA - MECANIC CENTRE AÉROPTIC;OA1702187;20000;FOURN-00388;"4"" MACHINED BACKLOAD SPRING B/M T28";42;42;04/09/2017 00:00;39;1638;1638
FMCA;MCA - MECANIC CENTRE AÉROPTIC;OA1702187;30000;FOURN-00896;"4"" MACHINED LOAD SPRING B/M T28";42;42;04/09/2017 00:00;42;1764;1764
FMCA;MCA - MECANIC CENTRE AÉROPTIC;OA1702217;10000;644841-03R04#;USINAGE SEUL;5;5;06/10/2017 00:00;249,7;1248,5;1248,5
FMCA;MCA - MECANIC CENTRE AÉROPTIC;OA1701900;10000;236995-05R03;USINAGE SEUL;2;2;31/08/2017 00:00;717,58;1435,16;1435,16
FMCA;MCA - MECANIC CENTRE AÉROPTIC;OA1701856;10000;2010513-03R05;DECOUPE FIL;1;1;17/07/2017 00:00;469;469;469
FMCA;MCA - MECANIC CENTRE AÉROPTIC;OA1701856;20000;2010898-03R06;DECOUPE FIL;1;1;19/07/2017 00:00;1257;1257;1257
FMCA;MCA - MECANIC CENTRE AÉROPTIC;OA1701856;30000;2010568-01R03B;DECOUPE FIL;1;1;19/07/2017 00:00;868;868;868
FMCA;MCA - MECANIC CENTRE AÉROPTIC;OA1701856;40000;2010898-03R06;DECOUPE FIL;1;1;20/07/2017 00:00;1257;1257;1257
FMCA;MCA - MECANIC CENTRE AÉROPTIC;OA1701856;50000;2010898-03R06;DECOUPE FIL;1;1;20/07/2017 00:00;1257;1257;1257
FMCENGINEERING;M & C Engineering;OA1702190;10000;FOURN-00898;STEM GUIDE;1;1;04/09/2017 00:00;217,5;217,5;217,5
FMCENGINEERING;M & C Engineering;OA1702190;20000;FOURN-00897;PLASTIC COLLAR F/BONNET;1;1;04/09/2017 00:00;137,5;137,5;137,5
FMECAM;MECAMO;OA1702159;10000;2245823-02-01R01#;USINAGE SEUL;4;4;06/09/2017 00:00;190;760;760
FMECAM;MECAMO;OA1702159;20000;2245823-02-01R01#;USINAGE SEUL;2;2;11/09/2017 00:00;190;380;380
FMECAM;MECAMO;OA1702159;30000;2245823-02-01R01#;USINAGE SEUL;2;2;11/09/2017 00:00;190;380;380
FMECAM;MECAMO;OA1702160;10000;2245162-01-01R02#;USINAGE SEUL;12;12;15/09/2017 00:00;149;1788;1788
FMECAM;MECAMO;OA1702116;10000;038847-03-70R04#;USINAGE SEUL;12;12;18/09/2017 00:00;88,5;1062;1062
FMECAM;MECAMO;OA1702116;20000;038848-03-70R04#;USINAGE SEUL;12;12;18/09/2017 00:00;88,5;1062;1062
FMECAM;MECAMO;OA1702116;30000;038847-03-70R04#;USINAGE SEUL;8;8;25/09/2017 00:00;88,5;708;708
FMECAM;MECAMO;OA1701761;20000;2245161-01-02R03#;USINAGE SEUL;20;10;24/07/2017 00:00;135;2700;1350
FMECAM;MECAMO;OA1701761;30000;2245161-01-02R03#;USINAGE SEUL;4;4;25/07/2017 00:00;135;540;540
FMECAM;MECAMO;OA1701761;40000;2245161-01-02R03#;USINAGE SEUL;6;6;25/07/2017 00:00;135;810;810
FMECAM;MECAMO;OA1701739;10000;2245184-01-02R03#;USINAGE SEUL;5;5;11/09/2017 00:00;195;975;975
FMECAM;MECAMO;OA1701739;20000;2245184-01-02R03#;USINAGE SEUL;5;5;11/09/2017 00:00;195;975;975
FMECAM;MECAMO;OA1702011;10000;2245823-02-01R01#;USINAGE SEUL;4;4;13/09/2017 00:00;190;760;760
FMECAM;MECAMO;OA1701245;20000;2245184-01-02R03#;USINAGE SEUL;8;1;11/09/2017 00:00;195;1560;195
FMECAM;MECAMO;OA1701248;10000;2245184-01-02R03#;USINAGE SEUL;10;5;11/09/2017 00:00;195;1950;975
FMECAM;MECAMO;OA1701253;10000;2245184-01-02R03#;USINAGE SEUL;10;4;11/09/2017 00:00;195;1950;780
FMECAM;MECAMO;OA1701373;20000;2245161-03-02R01#;USINAGE SEUL;2;2;11/08/2017 00:00;185,3;370,6;370,6
FMECAM;MECAMO;OA1701472;20000;031238-03-70R03#;USINAGE SEUL;5;1;05/09/2017 00:00;88,5;442,5;88,5
FMECAM;MECAMO;OA1701514;10000;038848-03-70R04#;USINAGE SEUL;8;8;05/09/2017 00:00;88,5;708;708
FMECAM;MECAMO;OA1701514;20000;038847-03-70R04#;USINAGE SEUL;12;12;05/09/2017 00:00;88,5;1062;1062
FMECAM;MECAMO;OA1701592;30000;2245682-02R01#;USINAGE SEUL;2;2;11/09/2017 00:00;265,9;531,8;531,8
FMGP;MGP SARL - MECANIC GENERALE PONCET ;OA1702138;10000;FOURN-00835;BOUCHON PROTECTION TWO WAY;40;40;09/09/2017 00:00;62,2;2488;2488
FMGP;MGP SARL - MECANIC GENERALE PONCET ;OA1702138;20000;FOURN-00832;BOUCHON PROTECTION TWO WAY ET BPV;40;40;09/09/2017 00:00;17,7;708;708
FMGRP;MGRP;OA1702135;10000;2245528-18-13R01#;USINAGE SEUL;1;1;05/09/2017 00:00;120;120;120
FMGRP;MGRP;OA1701666;10000;2012350-03R03#;USINAGE SEUL 2;10;10;08/09/2017 00:00;93;930;930
FMGRP;MGRP;OA1701867;10000;2162414-08-03R02#;USINAGE SEUL;10;10;08/09/2017 00:00;228;2280;2280
FMPR;MPR;OA1701946;10000;EB-R-03RI1;USINAGE SEUL;100;100;08/09/2017 00:00;8,5;850;850
FMPR;MPR;OA1701992;10000;EB-R-202RA1;USINAGE SEUL;166;166;08/09/2017 00:00;3,4;564,4;564,4
FMPR;MPR;OA1701749;10000;X-049934-01R02;USINAGE SEUL;10;10;10/08/2017 00:00;33;330;330
FMPR;MPR;OA1701752;30000;EB-R-03RI1;USINAGE SEUL;50;50;30/08/2017 00:00;8,5;425;425
FMPR;MPR;OA1701752;40000;EB-R-03RI1;USINAGE SEUL;150;150;13/09/2017 00:00;8,5;1275;1275
FMPR;MPR;OA1702036;10000;X-380418-18R01;USINAGE SEUL;72;72;30/08/2017 00:00;17;1224;1224
FMPR;MPR;OA1702037;10000;EB-R-17RC1;USINAGE SEUL;77;77;14/08/2017 00:00;12,6;970,2;970,2
FMPR;MPR;OA1702037;20000;EB-R-17RC1;USINAGE SEUL;15;15;14/08/2017 00:00;12,6;189;189
FMPR;MPR;OA1702037;30000;EB-R-17RC1;USINAGE SEUL;75;75;14/08/2017 00:00;12,6;945;945
FMPR;MPR;OA1702037;40000;EB-R-21RB1;USINAGE SEUL;150;150;10/08/2017 00:00;8;1200;1200
FMPR;MPR;OA1702038;10000;EB-R-17RC1;USINAGE SEUL;13;13;14/08/2017 00:00;12,6;163,8;163,8
FMPR;MPR;OA1702038;20000;EB-R-17RC1;USINAGE SEUL;75;75;30/08/2017 00:00;12,6;945;945
FMPR;MPR;OA1702038;30000;EB-R-04RG1;USINAGE SEUL;25;25;11/09/2017 00:00;8,5;212,5;212,5
FMSA;MECANIC SUD AFTERMARKET (MSA);OA1702073;10000;2245979-01R03#;PHOSPHATATION;8;6;01/08/2017 00:00;19;152;114
FMSA;MECANIC SUD AFTERMARKET (MSA);OA1702073;30000;645172-03R05#;REVETEMENT XYLAN;8;8;04/08/2017 00:00;65;520;520
FMSA;MECANIC SUD AFTERMARKET (MSA);OA1702073;40000;2245148-02-01R05;REVETEMENT XYLAN;4;4;21/08/2017 00:00;217;868;868
FMSA;MECANIC SUD AFTERMARKET (MSA);OA1702071;20000;644934-11-01R03;PEINTURE;1;1;22/08/2017 00:00;410;410;410
FMSA;MECANIC SUD AFTERMARKET (MSA);OA1702210;10000;2032367-01RA02#;PHOSPHATATION;6;6;10/08/2017 00:00;12;72;72
FMSA;MECANIC SUD AFTERMARKET (MSA);OA1702210;20000;2163579-01R02;PHOSPHATATION;2;2;10/08/2017 00:00;18;36;36
FMSA;MECANIC SUD AFTERMARKET (MSA);OA1702218;10000;PRESTATION ACHAT;PRESTATION ACHAT;1;1;10/08/2017 00:00;320;320;320
FMSA;MECANIC SUD AFTERMARKET (MSA);OA1702226;10000;2246508-54-01R02#;PHOSPHATATION;4;4;31/08/2017 00:00;44;176;176
FMSA;MECANIC SUD AFTERMARKET (MSA);OA1702227;10000;2010880-08R01#;PHOSPHATATION;6;6;24/08/2017 00:00;31,2;187,2;187,2
FMSA;MECANIC SUD AFTERMARKET (MSA);OA1702227;20000;645507-01-00-02R04;REVETEMENT XYLAN;6;6;29/08/2017 00:00;75;450;450
FMSA;MECANIC SUD AFTERMARKET (MSA);OA1702227;30000;645507-04-00-01R01;REVETEMENT XYLAN;2;2;01/09/2017 00:00;89;178;178
FMSA;MECANIC SUD AFTERMARKET (MSA);OA1702228;10000;2245523-15-73R04;PEINTURE;4;4;24/08/2017 00:00;380;1520;1520
FMSA;MECANIC SUD AFTERMARKET (MSA);OA1702228;20000;630941-20R02;PEINTURE;1;1;24/08/2017 00:00;250;250;250
FMSA;MECANIC SUD AFTERMARKET (MSA);OA1702229;10000;2090532-02R04B;PHOSPHATATION;2;2;21/08/2017 00:00;450;900;900
FMSA;MECANIC SUD AFTERMARKET (MSA);OA1702229;20000;2232389-02R02#;PHOSPHATATION;2;2;24/08/2017 00:00;25;50;50
FMSA;MECANIC SUD AFTERMARKET (MSA);OA1702229;30000;2163580-06R01;PHOSPHATATION;2;2;04/10/2017 00:00;54;108;108
FMSA;MECANIC SUD AFTERMARKET (MSA);OA1702229;40000;2231081-01R02;REVETEMENT XYLAN;10;10;24/08/2017 00:00;72;720;720
FMSA;MECANIC SUD AFTERMARKET (MSA);OA1702180;10000;2356255-03-02R01#;SOUDURE D'ASSEMBLAGE;2;2;25/08/2017 00:00;3400;6800;6800
FMSA;MECANIC SUD AFTERMARKET (MSA);OA1702234;10000;2010513-03R05;REVETEMENT EVERSLIK;2;2;25/08/2017 00:00;221;442;442
FMSA;MECANIC SUD AFTERMARKET (MSA);OA1702231;10000;2032369-02R02#;PHOSPHATATION;6;6;22/08/2017 00:00;27;162;162
FMSA;MECANIC SUD AFTERMARKET (MSA);OA1702231;20000;644962-02-01R02#;PHOSPHATATION;2;2;22/08/2017 00:00;31,2;62,4;62,4
FMSA;MECANIC SUD AFTERMARKET (MSA);OA1701675;10000;2010884-01R06#;PHOSPHATATION;9;7;04/07/2017 00:00;45;405;315
FMSA;MECANIC SUD AFTERMARKET (MSA);OA1701864;10000;2010884-04R04#;PHOSPHATATION;6;4;31/08/2017 00:00;55;330;220
FMSA;MECANIC SUD AFTERMARKET (MSA);OA1701864;30000;645172-03R05#;REVETEMENT XYLAN;10;10;17/07/2017 00:00;65;650;650
FMSA;MECANIC SUD AFTERMARKET (MSA);OA1701940;10000;PRESTATION ACHAT;PRESTATION ACHAT;1;1;;1814,4;1814,4;1814,4
FMSA;MECANIC SUD AFTERMARKET (MSA);OA1701658;10000;2010882-03R05#;PHOSPHATATION;1;1;22/06/2017 00:00;70,4;70,4;70,4
FMSA;MECANIC SUD AFTERMARKET (MSA);OA1602809;10000;PRESTATION ACHAT;PRESTATION ACHAT;3;3;22/11/2016 00:00;0;0;0
FMSA;MECANIC SUD AFTERMARKET (MSA);OA1501944;30000;644982-10R01#;END CAP, BRAKE PISTON END, F/ ST-LOCK;2;1;06/01/2017 00:00;1764;3528;1764
FMSA;MECANIC SUD AFTERMARKET (MSA);OA1601327;10000;644614-03-00-05R01#;RECHARGEMENT SOUDURE;1;1;31/12/2017 00:00;2425;2425;2425
FNYLACAST;NYLACAST LTD;OA1701629;10000;FOURN-00510;BUTTON GLAND RETAINER .25 DIA X .188 LONG;40;40;08/09/2017 00:00;5,25;210;210
FPALICOT;PALICOT SAS;OA1701745;20000;038174-03-70R02#;USINAGE SEUL;8;8;30/08/2017 00:00;257,5;2060;2060
FPALICOT;PALICOT SAS;OA1701871;10000;038324-03-70R03#;USINAGE SEUL;7;7;30/08/2017 00:00;257,5;1802,5;1802,5
FPALICOT;PALICOT SAS;OA1701871;20000;038174-03-70R02#;USINAGE SEUL;8;8;29/08/2017 00:00;257,5;2060;2060
FPALICOT;PALICOT SAS;OA1701872;10000;038324-03-70R03#;USINAGE SEUL;8;8;05/09/2017 00:00;257,5;2060;2060
FPALICOT;PALICOT SAS;OA1701872;20000;038174-03-70R02#;USINAGE SEUL;8;8;31/08/2017 00:00;257,5;2060;2060
FPALICOT;PALICOT SAS;OA1701873;10000;038324-03-70R03#;USINAGE SEUL;8;8;01/09/2017 00:00;257,5;2060;2060
FPALICOT;PALICOT SAS;OA1701873;20000;038324-03-70R03#;USINAGE SEUL;8;8;06/09/2017 00:00;257,5;2060;2060
FPALICOT;PALICOT SAS;OA1701873;30000;038324-03-70R03#;USINAGE SEUL;8;8;07/09/2017 00:00;257,5;2060;2060
FPALICOT;PALICOT SAS;OA1702117;10000;2113510-04R01;USINAGE SEUL;10;10;31/08/2017 00:00;256;2560;2560
FPALICOT;PALICOT SAS;OA1702117;20000;2113510-04R01;USINAGE SEUL;8;8;11/09/2017 00:00;256;2048;2048
FPALICOT;PALICOT SAS;OA1702118;10000;2113510-04R01;USINAGE SEUL;12;12;18/09/2017 00:00;256;3072;3072
FPALICOT;PALICOT SAS;OA1702118;20000;2113510-04R01;USINAGE SEUL;6;6;21/09/2017 00:00;256;1536;1536
FPALICOT;PALICOT SAS;OA1702120;10000;038174-03-70R02#;USINAGE SEUL;8;8;27/09/2017 00:00;257,5;2060;2060
FPALICOT;PALICOT SAS;OA1702120;20000;038174-03-70R02#;USINAGE SEUL;8;8;29/09/2017 00:00;257,5;2060;2060
FPALICOT;PALICOT SAS;OA1702122;10000;2113510-04R01;USINAGE SEUL;8;8;15/09/2017 00:00;256;2048;2048
FPALICOT;PALICOT SAS;OA1702055;10000;038174-03-70R02#;USINAGE SEUL;8;8;13/09/2017 00:00;257,5;2060;2060
FPALICOT;PALICOT SAS;OA1702055;20000;038324-03-70R03#;USINAGE SEUL;8;8;13/09/2017 00:00;257,5;2060;2060
FPALICOT;PALICOT SAS;OA1702056;10000;038174-03-70R02#;USINAGE SEUL;8;8;15/09/2017 00:00;257,5;2060;2060
FPALICOT;PALICOT SAS;OA1702056;20000;038324-03-70R03#;USINAGE SEUL;8;8;15/09/2017 00:00;257,5;2060;2060
FPALICOT;PALICOT SAS;OA1702057;10000;038174-03-70R02#;USINAGE SEUL;8;8;22/09/2017 00:00;257,5;2060;2060
FPALICOT;PALICOT SAS;OA1702057;20000;038174-03-70R02#;USINAGE SEUL;8;8;22/09/2017 00:00;257,5;2060;2060
FSGSQU;SGS QUALITEST;OA1700976;10000;PRESTATION ACHAT;"TF 1""3/4-10 STUB 60°";2;2;24/04/2017 00:00;25;50;50
FSOFYM;SOFYMETAL;OA1701933;10000;EB-TB13-645172-04;EB-TB13-PISTON/MS-012501-01-01RA03;10;10;09/10/2017 00:00;179,5;1795;1795
FSOFYM;SOFYMETAL;OA1702161;10000;MS-003102-01;EB-PRC13QPQ/MS-003102-01 REV06+F-07-01-011-50 REV1;44;44;11/09/2017 00:00;61,75;2717;2717
FSOLME;SOLMECA;OA1701513;20000;644826-04R01#;USINAGE SEUL;3;3;04/08/2017 00:00;385,45;1156,35;1156,35
FSOLPEY;SOLPEY S.L.;OA1701950;10000;031239-03-70R03#;USINAGE SEUL;24;24;07/09/2017 00:00;96,18;2308,32;2308,32
FSOLPEY;SOLPEY S.L.;OA1701950;20000;031238-03-70R03#;USINAGE SEUL;12;12;07/09/2017 00:00;92,5;1110;1110
FSOLPEY;SOLPEY S.L.;OA1701993;10000;2246511-54-01R02#;USINAGE SEUL;4;4;07/09/2017 00:00;196,76;787,04;787,04
FSOLPEY;SOLPEY S.L.;OA1702016;10000;2010880-07R01#;USINAGE SEUL;16;16;05/09/2017 00:00;71,45;1143,2;1143,2
FSOLPEY;SOLPEY S.L.;OA1702033;10000;644979-04-01R01#;USINAGE SEUL;10;10;05/09/2017 00:00;203,61;2036,1;2036,1
FSOLPEY;SOLPEY S.L.;OA1701750;10000;2254941-02R02#;USINAGE SEUL;6;6;05/09/2017 00:00;195,78;1174,68;1174,68
FSOLPEY;SOLPEY S.L.;OA1702176;10000;041630-01RC05#;USINAGE SEUL;7;7;14/09/2017 00:00;25,33;177,31;177,31
FSOLPEY;SOLPEY S.L.;OA1702176;20000;2246509-35-02R01#;USINAGE SEUL;4;4;14/09/2017 00:00;462,7;1850,8;1850,8
FSOLPEY;SOLPEY S.L.;OA1702111;10000;2245535-01-10R03#;USINAGE SEUL;5;5;14/09/2017 00:00;73,15;365,75;365,75
FSOLPEY;SOLPEY S.L.;OA1702111;20000;2245535-01-10R03#;USINAGE SEUL;20;20;05/10/2017 00:00;73,15;1463;1463
FSOLPEY;SOLPEY S.L.;OA1702111;30000;2245535-01-10R03#;USINAGE SEUL;20;20;05/10/2017 00:00;73,15;1463;1463
FSOLPEY;SOLPEY S.L.;OA1702076;10000;2245979-01R03#;USINAGE SEUL;2;2;14/09/2017 00:00;151,2;302,4;302,4
FSOLPEY;SOLPEY S.L.;OA1702240;10000;698996-12R01;USINAGE SEUL;6;6;29/08/2017 00:00;162,4;974,4;974,4
FSOLPEY;SOLPEY S.L.;OA1702240;20000;698996-12R01;USINAGE SEUL;6;6;31/08/2017 00:00;162,4;974,4;974,4
FSOLPEY;SOLPEY S.L.;OA1702240;30000;698996-12R01;USINAGE SEUL;4;4;06/09/2017 00:00;162,4;649,6;649,6
FSOLPEY;SOLPEY S.L.;OA1702240;40000;698996-12R01;USINAGE SEUL;6;6;12/09/2017 00:00;162,4;974,4;974,4
FSOLPEY;SOLPEY S.L.;OA1702240;50000;698996-12R01;USINAGE SEUL;2;2;12/09/2017 00:00;162,4;324,8;324,8
FSQA;SPECIAL QUALITY ALLOYS;OA1702139;10000;EB-HYD-2245528-15-43;EB-HYDRO-STEM 4.06 / MS-011570-03 REV 02;2;2;18/08/2017 00:00;635;1270;1270
FSQA;SPECIAL QUALITY ALLOYS;OA1701845;10000;MS-011547-01;MS-011547-01 REV 01 + MS-003408-01 REV 05;1425;1425;25/07/2017 00:00;0,51;726,75;726,75
FSQA;SPECIAL QUALITY ALLOYS;OA1701848;10000;EB-ACT-2149542-61-02;EB-ACT-STEM  FLS 7;2;2;25/07/2017 00:00;1960;3920;3920
FSQA;SPECIAL QUALITY ALLOYS;OA1701566;10000;MS-011547-01;MS-011547-01 REV 01 + MS-003408-01 REV 05;5970;5970;07/08/2017 00:00;1,07;6387,9;6387,9
FTHYSS;THYSSENKRUPP MAT.FRCE;OA1701850;20000;EB-ACT-140170-24-01;EB-ACT-RING GASKET;2;2;28/07/2017 00:00;218;436;436
FTHYSS;THYSSENKRUPP MAT.FRCE;OA1702162;10000;MS-003102-01;EB-PRC13QPQ/MS-003102-01 REV06+F-07-01-011-50 REV1;84;84;13/09/2017 00:00;61,6;5174,4;5174,4
FTHYSS;THYSSENKRUPP MAT.FRCE;OA1702079;10000;MS-003102-01;"EB-PRC 18"" CR/MS-003102-01 REV 06";2;2;05/09/2017 00:00;82;164;164
FTHYSS;THYSSENKRUPP MAT.FRCE;OA1702091;10000;AL-P2024-T3511;AL-P2024-T3511 EN 2321/2318;9000;9000;;0,03;270;270
FTHYSS;THYSSENKRUPP MAT.FRCE;OA1702091;20000;AL-P2024-T3 EN 2321;AL-P2024-T3 EN 2321 AERO;9000;9000;01/09/2017 00:00;0,07;630;630
FTHYSS;THYSSENKRUPP MAT.FRCE;OA1702091;30000;AL-P2024-T3511;AL-P2024-T3511 EN 2321/2318;9000;9000;01/09/2017 00:00;0,09;810;810
FTHYSS;THYSSENKRUPP MAT.FRCE;OA1702091;40000;AL-P2024-T3511;AL-P2024-T3511 EN 2321/2318;9000;9000;01/09/2017 00:00;0,16;1440;1440
FTHYSS;THYSSENKRUPP MAT.FRCE;OA1702091;50000;AL-P2024-T3 EN 2321;AL-P2024-T3 EN 2321 AERO;9000;9000;01/09/2017 00:00;0,22;1980;1980
FTHYSS;THYSSENKRUPP MAT.FRCE;OA1702091;60000;AL-P2024-T3511;AL-P2024-T3511 EN 2070-3;9000;9000;01/09/2017 00:00;0,35;3150;3150
FTMSTE;TM STEELS;OA1702221;10000;MAT61892;AISI 4140 105 KSI SVT  MS-12502-07-01R02 105KSI;1;1;04/09/2017 00:00;1781;1781;1781
FTSRHONE;TECHNIQUES SURFACES RHONE;OA1701123;30000;031238-03-70R03#;TRAITEMENT THERMIQUE;14;1;15/06/2017 00:00;54;756;54
FTSRHONE;TECHNIQUES SURFACES RHONE;OA1701382;70000;038324-03-70R03#;TRAITEMENT THERMIQUE;8;1;03/07/2017 00:00;210;1680;210
FTSRHONE;TECHNIQUES SURFACES RHONE;OA1701931;10000;038174-03-70R02#;TRAITEMENT THERMIQUE;8;8;18/09/2017 00:00;210;1680;1680
FTSRHONE;TECHNIQUES SURFACES RHONE;OA1701931;20000;038324-03-70R03#;TRAITEMENT THERMIQUE;8;8;18/09/2017 00:00;210;1680;1680
FTSRHONE;TECHNIQUES SURFACES RHONE;OA1701922;10000;038324-03-70R03#;TRAITEMENT THERMIQUE;8;8;11/09/2017 00:00;210;1680;1680
FTSRHONE;TECHNIQUES SURFACES RHONE;OA1701922;20000;038174-03-70R02#;TRAITEMENT THERMIQUE;8;8;11/09/2017 00:00;210;1680;1680
FTSRHONE;TECHNIQUES SURFACES RHONE;OA1701923;10000;038324-03-70R03#;TRAITEMENT THERMIQUE;8;8;11/09/2017 00:00;210;1680;1680
FTSRHONE;TECHNIQUES SURFACES RHONE;OA1701923;20000;038324-03-70R03#;TRAITEMENT THERMIQUE;8;8;11/09/2017 00:00;210;1680;1680
FTSRHONE;TECHNIQUES SURFACES RHONE;OA1701923;40000;038324-03-70R03#;TRAITEMENT THERMIQUE;7;7;11/09/2017 00:00;210;1470;1470
FTSRHONE;TECHNIQUES SURFACES RHONE;OA1701726;10000;038174-03-70R02#;TRAITEMENT THERMIQUE;8;8;03/08/2017 00:00;210;1680;1680
FTSRHONE;TECHNIQUES SURFACES RHONE;OA1701726;20000;038324-03-70R03#;TRAITEMENT THERMIQUE;9;9;03/08/2017 00:00;210;1890;1890
FTSRHONE;TECHNIQUES SURFACES RHONE;OA1701726;30000;038324-03-70R03#;TRAITEMENT THERMIQUE;8;8;03/08/2017 00:00;210;1680;1680
FTSRHONE;TECHNIQUES SURFACES RHONE;OA1701784;10000;038174-03-70R02#;TRAITEMENT THERMIQUE;8;8;04/08/2017 00:00;210;1680;1680
FTSRHONE;TECHNIQUES SURFACES RHONE;OA1701784;20000;038324-03-70R03#;TRAITEMENT THERMIQUE;8;8;04/08/2017 00:00;210;1680;1680
FTSRHONE;TECHNIQUES SURFACES RHONE;OA1701859;10000;038174-03-70R02#;TRAITEMENT THERMIQUE;4;4;29/08/2017 00:00;210;840;840
FTSRHONE;TECHNIQUES SURFACES RHONE;OA1701859;20000;038174-03-70R02#;TRAITEMENT THERMIQUE;2;2;29/08/2017 00:00;210;420;420
FTSRHONE;TECHNIQUES SURFACES RHONE;OA1701859;30000;038324-03-70R03#;TRAITEMENT THERMIQUE;2;1;29/08/2017 00:00;210;420;210
FTSRHONE;TECHNIQUES SURFACES RHONE;OA1702094;10000;038174-03-70R02#;TRAITEMENT THERMIQUE;8;8;30/09/2017 00:00;210;1680;1680
FTSRHONE;TECHNIQUES SURFACES RHONE;OA1702094;20000;038174-03-70R02#;TRAITEMENT THERMIQUE;8;8;30/09/2017 00:00;210;1680;1680
FTSRHONE;TECHNIQUES SURFACES RHONE;OA1702075;10000;038174-03-70R02#;TRAITEMENT THERMIQUE;8;8;11/09/2017 00:00;210;1680;1680
FTSRHONE;TECHNIQUES SURFACES RHONE;OA1702075;20000;038174-03-70R02#;TRAITEMENT THERMIQUE;8;8;11/09/2017 00:00;210;1680;1680
FTSRHONE;TECHNIQUES SURFACES RHONE;OA1702075;30000;038324-03-70R03#;TRAITEMENT THERMIQUE;8;8;18/09/2017 00:00;210;1680;1680
FTSRHONE;TECHNIQUES SURFACES RHONE;OA1702075;40000;038324-03-70R03#;TRAITEMENT THERMIQUE;8;8;18/09/2017 00:00;210;1680;1680
FTSRHONE;TECHNIQUES SURFACES RHONE;OA1702075;50000;038174-03-70R02#;TRAITEMENT THERMIQUE;8;8;25/09/2017 00:00;210;1680;1680
FTSRHONE;TECHNIQUES SURFACES RHONE;OA1702075;60000;038174-03-70R02#;TRAITEMENT THERMIQUE;8;8;25/09/2017 00:00;210;1680;1680
FUNION;UNION DES FORGERONS;OA1702078;10000;EB-BSC-2010372-01-05;EB-BSC/MS-012501-02-01RA03;6;6;06/10/2017 00:00;274;1644;1644
FUNION;UNION DES FORGERONS;OA1702059;10000;EB-BSC-2010145-01;EB-BSC/MS-003812-03R01;10;10;15/09/2017 00:00;242;2420;2420
FUNION;UNION DES FORGERONS;OA1702095;10000;MAT61863;EB-BSC/MS-003812-03;16;16;15/09/2017 00:00;241;3856;3856
FUNION;UNION DES FORGERONS;OA1702172;10000;MAT61933;EB-BSC/MS-003812-03R01;6;6;22/09/2017 00:00;331;1986;1986
FUNIVE;UNIVERSAL SUPPLY Ltd t/a USEL;OA1701533;10000;FOURN-00392;SCREW,12 PT CAP 1.125-8UN X 6.500;32;32;02/10/2017 00:00;17,72;567,04;567,04
FUNIVE;UNIVERSAL SUPPLY Ltd t/a USEL;OA1701533;20000;FOURN-00356;"SAFETY HOIST RING, 1""-8UNC MALE THD";2;2;02/10/2017 00:00;398,5;797;797
FUNIVE;UNIVERSAL SUPPLY Ltd t/a USEL;OA1701533;30000;FOURN-00354;EYE, LIFTING, 2-1/8 DIA F/1-1/8 THD;2;2;02/10/2017 00:00;48,25;96,5;96,5
FUNIVE;UNIVERSAL SUPPLY Ltd t/a USEL;OA1701226;30000;FOURN-00006;PIPE PLUG HEX HD 1/2 NPT-- ST/STL-;52;6;24/07/2017 00:00;7,1;369,2;42,6
FUNIVE;UNIVERSAL SUPPLY Ltd t/a USEL;OA1701360;20000;FOURN-00242;SCREW HEX HD CAP .250-20 X .500 STL GR 5 ZN PL YEL;200;200;11/09/2017 00:00;1,3;260;260
FUNIVE;UNIVERSAL SUPPLY Ltd t/a USEL;OA1701882;10000;FOURN-00356;"SAFETY HOIST RING, 1""-8UNC MALE THD";1;1;13/11/2017 00:00;398,5;398,5;398,5
FUNIVE;UNIVERSAL SUPPLY Ltd t/a USEL;OA1701882;20000;FOURN-00354;EYE, LIFTING, 2-1/8 DIA F/1-1/8 THD;1;1;13/11/2017 00:00;48,25;48,25;48,25
FUNIVE;UNIVERSAL SUPPLY Ltd t/a USEL;OA1701830;30000;FOURN-00007;"PIPE PLUG HEX HEAD 1""- NPT ST/STL";52;52;04/09/2017 00:00;14,04;730,08;730,08
FUNIVE;UNIVERSAL SUPPLY Ltd t/a USEL;OA1702125;10000;FOURN-00550;EYE, LIFTING, 2-1/8 DIA F/1-1/8 THD;2;2;01/12/2017 00:00;48,25;96,5;96,5
FUNIVE;UNIVERSAL SUPPLY Ltd t/a USEL;OA1702125;20000;FOURN-00544;"STUD, DBL ENDED 1.000-8UNC-2A X 4.00"" LG A193/GR";20;20;01/12/2017 00:00;8,1;162;162
FUNIVE;UNIVERSAL SUPPLY Ltd t/a USEL;OA1702125;30000;FOURN-00546;CAP PLUG, TAPERED .788/.690 OD X .562 LG PLASTIC;4;4;01/12/2017 00:00;9,25;37;37
FUSIREA;USIREA;OA1702177;10000;030363-03-70R03#;USINAGE SEUL;10;10;25/09/2017 00:00;120;1200;1200
FUSIREA;USIREA;OA1701910;10000;030363-03-70R03#;USINAGE SEUL;4;4;28/08/2017 00:00;120;480;480
FUSIREA;USIREA;OA1701910;20000;030362-03-70R03#;USINAGE SEUL;8;8;28/08/2017 00:00;120;960;960
FUSIREA;USIREA;OA1701948;20000;031238-03-70R03#;USINAGE SEUL;12;12;28/08/2017 00:00;121;1452;1452
FUSIREA;USIREA;OA1701949;10000;031238-03-70R03#;USINAGE SEUL;12;12;04/09/2017 00:00;121;1452;1452
FUSIREA;USIREA;OA1701949;20000;031239-03-70R03#;USINAGE SEUL;11;11;04/09/2017 00:00;121;1331;1331
FUSIREA;USIREA;OA1702012;10000;031238-03-70R03#;USINAGE SEUL;36;36;13/09/2017 00:00;96;3456;3456
FUSIREA;USIREA;OA1701875;10000;030309-03-70R02#;USINAGE SEUL;12;12;28/08/2017 00:00;118;1416;1416
FUSIREA;USIREA;OA1701875;20000;030310-03-70R03#;USINAGE SEUL;11;11;28/08/2017 00:00;118;1298;1298
FUSIREA;USIREA;OA1701741;10000;031238-03-70R03#;USINAGE SEUL;24;24;05/09/2017 00:00;121;2904;2904
FUSIREA;USIREA;OA1701741;30000;031239-03-70R03#;USINAGE SEUL;24;24;06/09/2017 00:00;121;2904;2904
FUSIREA;USIREA;OA1701599;10000;030309-03-70R02#;USINAGE SEUL;12;12;31/08/2017 00:00;118;1416;1416
FUSIREA;USIREA;OA1701599;20000;030310-03-70R03#;USINAGE SEUL;12;12;05/09/2017 00:00;118;1416;1416
FVALLA;VALLA;OA1702121;10000;038174-03-70R02#;FORAGE;8;8;01/09/2017 00:00;39,29;314,32;314,32
FVALLA;VALLA;OA1702121;20000;038174-03-70R02#;FORAGE;8;8;01/09/2017 00:00;39,29;314,32;314,32
FVALLA;VALLA;OA1702054;50000;038174-03-70R02#;FORAGE;8;8;31/08/2017 00:00;39,29;314,32;314,32
FVALLA;VALLA;OA1702054;60000;038174-03-70R02#;FORAGE;8;8;31/08/2017 00:00;39,29;314,32;314,32
FVALLA;VALLA;OA1702014;10000;P495858RAM#;CAROTTAGE;4;4;28/08/2017 00:00;186,3;745,2;745,2
FVERNE;VERNET;OA1702074;10000;038174-03-70R02#;RECTIFICATION EXTER;8;8;05/09/2017 00:00;118;944;944
FVERNE;VERNET;OA1702074;20000;038174-03-70R02#;RECTIFICATION EXTER;8;8;05/09/2017 00:00;118;944;944
FVERNE;VERNET;OA1702074;30000;038324-03-70R03#;RECTIFICATION EXTER;8;8;14/09/2017 00:00;118;944;944
FVERNE;VERNET;OA1702074;40000;038324-03-70R03#;RECTIFICATION EXTER;8;8;14/09/2017 00:00;118;944;944
FVERNE;VERNET;OA1702074;50000;038174-03-70R02#;RECTIFICATION EXTER;8;8;18/09/2017 00:00;118;944;944
FVERNE;VERNET;OA1702074;60000;038174-03-70R02#;RECTIFICATION EXTER;8;8;18/09/2017 00:00;118;944;944
FVERNE;VERNET;OA1701917;10000;038324-03-70R03#;RECTIFICATION EXTER;7;7;04/09/2017 00:00;118;826;826
FVERNE;VERNET;OA1701917;20000;038324-03-70R03#;RECTIFICATION EXTER;8;8;04/09/2017 00:00;118;944;944
FVERNE;VERNET;OA1701917;30000;038174-03-70R02#;RECTIFICATION EXTER;8;8;04/09/2017 00:00;118;944;944
FVERNE;VERNET;OA1701917;40000;038174-03-70R02#;RECTIFICATION EXTER;8;8;04/09/2017 00:00;118;944;944
FVERNE;VERNET;OA1701918;10000;038324-03-70R03#;RECTIFICATION EXTER;8;8;;118;944;944
FVERNE;VERNET;OA1701918;20000;038324-03-70R03#;RECTIFICATION EXTER;8;8;;118;944;944
FVERNE;VERNET;OA1701918;30000;038324-03-70R03#;RECTIFICATION EXTER;8;8;;118;944;944
FVERNE;VERNET;OA1701783;10000;038324-03-70R03#;RECTIFICATION EXTER;8;8;30/07/2017 00:00;118;944;944
FVERNE;VERNET;OA1701783;20000;038174-03-70R02#;RECTIFICATION EXTER;8;8;30/07/2017 00:00;118;944;944
FVERNE;VERNET;OA1701381;70000;038324-03-70R03#;RECTIFICATION EXTER;8;1;26/06/2017 00:00;118;944;118
FVERNE;VERNET;OA1701478;10000;030324-04-01R01#;RECTIFICATION EXTER 2;4;4;06/07/2017 00:00;128;512;512
FVERNE;VERNET;OA1701478;20000;030324-04-01R01#;RECTIFICATION EXTER;4;4;06/07/2017 00:00;65;260;260
